{
  "timestamp": "2025-10-02T10:52:33.888117",
  "beam_length_m": 0.139,
  "camera": {
    "index": 4,
    "frame_width": 640,
    "frame_height": 480
  },
  "ball_detection": {
    "lower_hsv": [
      12.0,
      144.6,
      160.7
    ],
    "upper_hsv": [
      28.0,
      255.0,
      255.0
    ]
  },
  "calibration": {
    "pixel_to_meter_ratio": 0.0003808090552688423,
    "position_min_m": -0.04277924350916638,
    "position_max_m": 0.053337467061853605
  },
  "servo": {
    "port": "/dev/ttyACM0",
    "neutral_angle": 140
  }
}